x,y,a,b
1.481480271,0.992618227,1.221054963,-0.879743076
1.890199822,0.127117272,-1.07544473,1.383923221
0.49530264,0.391903535,0.295059033,0.529491597
0.803531154,0.63899659,-0.648438232,-0.042521021
1.059653343,0.967438974,-0.811985416,-0.789218913
-0.414566417,1.657124976,1.052279858,0.259115959
1.270591103,1.009253599,-0.67598505,0.102756938
0.507037584,3.029238976,-2.171307163,0.239657751
1.574100284,1.34358192,0.534168387,1.683529973
1.279653947,0.295012358,-1.269252983,0.307523948
0.679487978,0.162588724,0.560776767,0.375285373
2.213159214,0.359762146,-0.062085549,1.062318507
1.219015563,0.165516212,0.357719611,1.623723137
-0.286488444,0.346639664,-0.401280952,1.243471627
0.833200927,0.619953306,1.413224239,1.36862214
0.907557447,0.058007635,-1.30188652,-0.295561001
-0.478131613,0.308475773,0.326613222,1.572264115
0.656083608,1.068503353,-0.757965148,-0.16166811
0.033848113,1.514097446,-0.46957459,0.008586311
2.584148677,3.954444473,-2.098114786,0.24550913
1.960639516,0.000780683,0.618836304,1.446000226
1.439529904,0.880642878,-0.678512509,-1.02836278
2.078763564,0.181406992,-1.57864237,1.324950686
-1.305107644,1.155934158,-0.220202285,1.122141119
0.786164001,0.055584651,1.269522788,-0.872833091
0.034361017,0.581380319,0.271817279,0.476400146
0.964001722,0.080475472,-0.128355246,0.797937887
0.49713076,0.905780991,-0.570863898,1.706761314
1.786265202,3.421259329,0.078183153,1.246448829
1.204985664,0.007202785,2.187909656,0.846424649
0.513147674,1.153942094,-1.406987102,1.595223001
0.240072146,1.154289437,-0.112696456,1.545093442
1.665287856,0.328705804,-0.063903081,1.368243615
0.382132792,0.180288119,-1.078933939,-0.163579641
0.778307859,2.812128233,0.080672881,0.324126571
2.183822229,0.299917006,0.056681797,-1.437017226
0.793750343,0.996308387,-1.048369105,0.766708125
0.068583936,0.3980447,1.430632721,1.333424629
0.604057892,3.056660533,-1.227020951,-0.256258857
1.460280228,0.02665842,0.031780117,-1.096029606
1.475470446,0.865480282,-2.022042527,-1.491750177
0.878688885,0.387189679,-1.203362086,1.044175913
1.586939559,0.107053596,0.855729474,1.047628775
0.912963076,4.70081364,0.167062062,1.109873402
3.411439874,0.748298505,2.423444553,1.282844234
1.33574464,0.84747617,-0.199808568,0.813575927
1.346780427,0.811341493,0.27220441,-0.941965383
0.997344164,0.054833417,2.224252079,0.260992829
0.868803303,1.656855205,-0.66885018,0.745349352
-0.224270231,0.770408277,0.458250741,-1.290672072
1.111894161,0.174789038,-0.058716304,1.220324168
2.783131622,1.447632605,-0.704278131,-0.364226254
1.392005705,1.330448422,1.641788177,-0.973363951
0.678428713,0.416310808,-1.597009677,-0.108136498
0.5382331,1.51947888,-0.729690669,-1.244216732
-0.118724297,1.830741649,2.481793048,-1.163645609
3.748921438,0.370634618,-0.368099585,-0.325158796
1.067774928,1.801317856,0.520325087,0.139223731
0.694806968,1.111987293,-0.128728408,1.516025688
0.604906705,0.086992039,-0.79128848,-0.015870143
0.462553231,0.941483907,0.28096954,-0.91461981
-0.720752077,0.091012884,-0.753651097,-0.654180012
0.32788536,0.283461432,1.144218704,-0.009023753
0.758309223,0.41555914,-0.644601241,0.150173765
1.914821397,0.248988419,1.128580123,-1.188458359
1.133187288,0.141213699,-1.398997565,1.016587356
1.881570462,0.238263431,0.701244648,0.843295665
1.090210373,0.154657833,-0.775683104,0.101963097
1.763883427,0.209592897,-1.367029502,-0.275084236
0.297337417,1.22362299,-0.466656204,0.665531688
1.061226523,3.40743427,-0.130625816,-1.28030083
1.398485291,0.435167533,-0.065421946,-0.221327182
-0.28204428,0.462070503,-0.930034008,1.308994131
-0.602937444,0.54725403,1.661610597,-1.658083366
0.355887676,4.227327042,0.332496855,-1.67350422
0.956729089,0.27232052,0.569158643,0.511625961
-1.286151006,0.024286605,-2.114001236,-0.720681337
0.19354729,0.475231323,0.254072362,-0.733228135
-0.81448718,0.009167615,0.42290041,-0.396463062
0.953487504,0.415739065,-1.063672349,-0.355796138
1.548491811,1.249561742,-0.302770247,0.184987734
-0.299272198,0.072283521,-0.379184173,-1.673880726
0.376981765,1.311575437,-1.18012158,0.362798048
2.25189449,0.149425151,0.337733777,-0.783883668
1.343488842,2.316774027,0.930109694,-0.432381638
0.178570304,0.209073699,0.787324565,1.01267335
1.446981741,0.394376978,-0.902865265,0.370100081
1.785413847,1.499939611,0.940453308,0.145202669
1.326930194,0.753639935,0.622603151,-0.051277136
0.675865099,0.788249623,-0.740108494,0.144689491
0.652991224,0.526045757,-1.732310178,-0.130268594
-0.164094032,2.613818137,0.251624629,0.007614812
1.198374655,0.203299169,2.247658406,1.560643147
2.374345326,2.961149297,-1.319217459,0.798957692
1.698366726,0.010274674,-1.520557867,-0.24135549
0.400943763,0.500854113,0.172070568,-1.196835405
2.981753753,2.357891669,-0.441772279,1.483165129
1.539165052,1.191808437,-0.084063161,0.535194008
0.474734907,2.671404632,2.523867303,1.490255882
0.326711473,2.406483868,-0.218573837,0.912384758
2.707273875,2.871210441,0.054092586,0.184467831
0.929813768,1.056637092,0.124789205,1.008666772
0.077031069,0.036462332,-0.691496423,-0.776971915
0.24732047,0.575736532,0.615512893,1.021531476
2.470037205,1.056792783,-0.769927625,0.787971381
1.396751936,0.124360176,1.909095468,-0.485489829
0.53607293,0.061091645,1.68799366,0.104634969
-0.383104619,0.13887701,1.094363681,-0.240887558
0.915800912,1.006935581,-1.463446135,-0.814977044
1.434683613,0.255717183,0.394550608,-1.149895293
0.785363794,0.84204164,0.953193768,-1.237575739
-0.141888506,0.848330855,1.077381758,1.42102537
-0.023529289,2.36042399,-0.703726633,-1.110624551
1.581589108,0.423524269,-0.332373782,0.871235643
2.010821774,1.398922014,-0.762284149,1.168410653
0.939833277,1.448209344,-0.510088586,0.751099984
1.053729938,0.914482309,-0.973927991,1.530665859
1.56368839,0.070891081,-0.801147947,-0.823433343
2.467359074,0.715418087,-0.844562363,-0.647812861
0.650201736,3.888890495,0.956533409,-0.670843443
2.133789941,1.228575686,0.982837664,-1.321804552
1.593839803,1.672387566,-1.078246585,-0.146258587
0.757328499,2.838347432,1.567781672,1.6647112
-0.059935497,0.253661434,0.691409357,-1.000251865
1.200504426,0.920973371,-0.725830058,-0.927382622
1.168598143,0.065432868,0.094083821,-0.804801814
1.118118487,0.589516612,0.334349952,0.553585851
-0.651223432,0.978325264,-0.552682627,0.118072681
2.21661361,1.352889699,-1.19122622,0.604491482
1.158906574,3.157351687,-1.493624806,-0.795272378
1.678715495,0.429069972,-0.450676801,-0.323846653
-0.396319803,0.001091629,0.103294528,1.561056501
0.404612632,1.06470822,-1.021197978,-1.362667969
0.444929148,0.890831736,0.41707542,1.621461787
2.250947417,0.278824428,-0.020956566,0.310180097
0.852567084,0.243988564,-0.18319515,-0.336627415
2.777700795,1.553205576,1.755344346,0.52247742
1.018880288,0.327428759,0.008875318,-0.797296748
1.763305313,0.632194466,0.216028266,-1.081236186
0.526505457,1.07144108,1.063277318,0.817822826
1.643981771,0.765582318,1.3644233,-1.574808349
-0.312035955,1.767189216,1.106804926,-0.117011334
0.821664288,1.218490337,0.676272574,0.197565181
-0.114284198,0.842255165,-0.195286439,0.082819626
0.179374089,1.303745165,-0.157687646,1.005230164
-0.380241873,0.014250988,1.609305171,-1.287312264
1.493636486,1.013145561,1.065811519,1.665064815
1.02893052,0.225497712,-1.062720576,0.862467022
1.595607335,0.611402118,0.117389644,-0.464451551
0.753332754,4.279906761,-0.327168493,0.169236584
0.245125044,1.631013367,0.367791025,-0.043450293
1.354120667,0.442125545,0.196695107,1.577495999
1.02141538,0.419371675,1.367746658,0.279590006
3.121135116,0.018853321,-0.084940689,-0.977742041
0.112820172,0.968631326,-1.027501906,-1.612932906
0.629499845,0.470669767,-0.46706761,0.738341053
-1.46872353,2.595433554,-1.890970174,-0.652636517
1.804601744,2.232429171,-0.270367554,1.047241291
1.081051858,1.66848411,-2.146024496,1.195799385
1.49925088,0.531116071,1.053515995,1.050913627
0.702941088,1.213434659,-1.479700285,-1.090152652
0.666920352,0.259698403,-0.157549263,-0.171804794
2.483649772,0.252361515,-0.464025879,-1.191403721
3.165441702,1.529564002,0.139034885,1.537239886
0.682804998,0.463837708,-0.937766316,-1.41894967
-0.172724315,0.598909518,1.542189805,-0.631694815
1.621403844,0.924080199,0.425730058,0.41527236
0.812029966,0.962587724,1.093717675,0.96809322
2.372309016,2.248745007,-0.924314047,-0.270137567
-0.05042006,0.733967564,1.038570028,0.69007663
-0.440349241,0.932007587,0.730246167,1.705984744
1.056888635,1.433436278,-1.175761207,-1.019810849
-0.405480713,1.226142337,0.584210713,0.390808743
2.159555907,5.215596961,0.020237175,0.893451607
-1.05422352,0.851455908,-0.417832006,1.706826724
0.213384058,0.655347492,0.149905163,-0.513884905
-0.946228285,1.886645436,-0.362914975,-0.607537791
1.003642077,0.935030632,-0.080981268,0.181440879
2.016140502,0.209862479,-0.555706207,-1.43779509
2.200562111,1.74775951,0.539124235,0.268631306
2.093623765,0.398058208,-0.690345665,-0.864500137
1.887075033,1.455172319,-0.014266535,-1.148961301
1.991389397,2.560011158,0.702314214,-0.124140753
-0.366604104,0.66613798,-0.729336688,-1.600280057
0.45271537,0.617012652,2.514538256,0.179609926
2.757237422,0.962966498,1.044966925,-0.149123677
1.728186525,0.934050762,0.516677474,-1.711512742
1.25642606,0.065146819,0.426597218,0.291969602
1.407828272,0.877667208,-0.193140972,-0.139393952
0.762824701,2.408850806,-0.757333838,0.063421396
1.358183254,0.900387205,-1.11259592,0.767022928
-0.370937304,0.36853104,-0.079036009,1.513744192
0.28853633,1.005398021,1.706928828,-1.246139901
1.846410126,1.560492596,-0.304069151,-0.092628193
1.159237698,0.024875856,-2.084095224,1.307119896
1.711201024,0.511601844,0.429923778,-0.257261208
1.601003443,0.933125521,1.322199021,0.10596692
1.03554478,1.453128047,-1.035468528,-0.245679153
-0.067658304,2.228934095,2.028356735,-1.715836308
0.573974422,0.074651932,0.9519882,1.468197911
0.063632469,0.747599264,1.028278288,-1.023040479
-0.486403902,0.098840175,1.019144478,0.312716981
1.92766142,3.305593818,0.559010317,-0.00630853
2.074550088,0.191361259,-0.339777655,-0.26801233
0.295690995,0.040846956,0.844543641,1.124354128
1.650263405,0.055324352,0.951409887,-0.616459999
1.916664076,0.175807043,1.531276084,1.586401512
0.49688116,1.076386726,0.15002509,1.323407432
0.515963438,0.850330349,0.137108101,1.184939397
1.808970835,0.48005065,1.131581746,1.101619052
2.084302319,5.833427056,-0.362738907,-0.659600414
-0.123291475,0.656968854,0.09814364,-1.406082029
0.19589683,1.531239804,-0.912797053,1.003626237
0.405636408,2.303005678,-0.214685452,-0.863870532
1.838689014,0.106393872,1.476592864,-1.337751944
0.292052145,0.547333522,-1.584739045,0.549126427
2.162727666,0.044509844,-1.106986768,1.501619124
1.301049473,0.087714535,1.969018665,0.028736088
0.048550098,0.166937224,1.177940762,0.759931475
2.609917101,1.809016805,1.092685645,0.470922143
1.763358002,0.384467158,-1.127636909,-1.188270635
-1.580418637,0.252622796,-1.260800823,-0.636688789
1.585835988,2.173870543,1.616318819,1.389541898
-0.347496479,1.766094062,0.561515944,-1.031867697
0.134961062,0.553613647,0.047147267,0.26723913
-0.353063877,0.95683353,-0.373658819,0.724501274
1.808346495,1.338685099,-0.689910271,1.14573953
0.81369647,0.170502232,0.627800043,-0.119192265
-0.190438945,0.066428679,-1.190580503,-0.612914778
-1.184270209,0.983986127,-0.286608834,1.430789069
1.962155728,1.539282147,0.192817002,-0.411368492
2.994119811,0.178815204,-0.855399374,0.383425833
0.243691259,11.5353317,-0.135093563,1.526646254
1.427389851,1.19343613,0.594078187,-1.005514059
0.752182785,0.16110517,0.623108158,1.024566402
0.458165306,0.285085097,-1.540061834,-0.144195091
1.331343931,0.571879009,0.270122504,-1.373676209
0.467337809,0.876574321,0.894997439,-1.582738527
-0.283198099,0.5924469,-2.106259415,0.158111445
1.916991575,0.231918591,1.431295853,0.932162838
0.418879088,0.898257211,1.366807202,-0.945870144
2.347846428,4.465654739,2.207007929,-0.740451388
1.580871371,1.493212122,0.885261744,-0.139829529
1.819506123,0.158970632,1.427416884,-1.215790806
2.780102329,2.086112087,0.727524088,1.721296345
2.440082103,0.551539988,-0.783760319,1.672345289
1.606316492,1.9800293,0.461344754,-0.499777642
0.055919391,0.453638791,-0.258436383,1.316662311
1.438352315,1.260514361,-0.448998118,1.589792418
0.504792665,0.297435898,0.042223216,1.624524567
1.568934596,5.095982146,-0.895579613,-0.593788154
0.531596089,2.027928363,-1.053063438,-0.538981012
-0.128618071,0.364040177,-1.358421746,-0.883002683
0.889089723,1.813037172,-0.571390486,1.276777191
1.442695474,0.117352412,-0.218326664,-1.167442734
2.652838021,1.646765539,-2.009469944,1.600393994
0.603046727,3.600694259,1.533717303,0.465391934
1.241949569,0.461932926,-0.504310271,-0.033415039
2.126798833,0.033513613,-2.328087699,1.333658924
1.436514108,0.819145746,-0.210153997,-1.326385819
1.136997757,1.081013915,0.020901559,0.808175117
1.759625689,0.504459584,1.228783986,1.274067223
1.76547217,2.183570118,-0.551850861,-0.020997098
2.611036916,0.876748961,0.66005421,-1.594612351
0.023959836,0.204743416,1.496623577,-1.378140392
0.882766365,2.293258296,0.654186865,-1.371639028
3.306823628,0.463459335,0.396227975,1.605387116
1.999125525,0.548933516,-0.474701046,-0.669478738
0.779264489,2.437255537,1.042301674,0.906132565
2.599163658,0.507755093,0.355687898,-0.446250328
2.953521809,2.148254598,-0.962209635,1.612520165
-0.073657267,0.703166201,0.169401069,0.341148451
0.203342722,0.377731169,-0.433045001,-1.46776218
2.793509532,0.180097744,0.713415666,0.017095418
1.782838768,0.903127986,-0.296482133,1.028727821
1.267395159,0.071770341,0.693068366,-1.137468382
-0.468345932,0.434260681,0.801080511,-1.011614426
1.430788132,0.042230254,-0.040732416,0.380943332
0.384342519,0.289671654,-1.173784161,-0.387600767
1.055703607,0.153274305,-0.083744227,-1.669021761
1.169016504,0.942950623,-2.647848977,-0.029105333
-0.637489608,0.40709252,-0.153945457,0.769650043
1.37154026,1.064557045,0.923579494,-1.679797176
1.181201128,0.381982173,-0.199295147,-0.09306683
-1.437683004,0.100686063,-2.980465822,1.684424315
1.114239468,0.109980118,1.248225556,-1.166292834
1.137406428,1.089265204,1.416244705,0.143615268
0.334507076,0.398482432,-5.04E-05,0.175126215
0.15332304,1.862887169,-1.378931655,-1.246212973
-0.374748733,1.097821655,-0.463306009,-0.747351635
0.180448235,0.29905059,-1.77851387,-0.947821713
1.087584741,1.275981336,0.173160527,-1.295194156
-0.020805761,3.941129183,-1.155252414,-0.392383485
1.448990688,0.234091957,-0.341214592,0.011930188
1.539496546,1.732815791,-0.293366229,1.383381849
0.828774298,1.085579667,0.522229987,-0.80461436
1.417942639,1.018555177,-0.846625161,-1.258629873
1.857232466,0.652703486,1.15974542,0.810439959
-1.336994896,2.071146553,0.869423275,0.728972323
0.527652933,0.830422132,0.487785637,-0.925072003
0.807807945,1.16132922,0.423619074,0.338250907
1.776714458,0.023881887,-0.320425498,-0.743644275
-0.442965962,0.900891449,1.32536976,-0.323672956
2.569775782,2.043118468,-0.718820942,0.407652047
0.870393578,0.192590051,-0.363433308,1.437844753
0.528218828,0.518479591,-2.271126571,-0.670970256
1.475010714,0.113168656,0.175009377,0.543842269
0.997680089,0.148535692,-0.672915512,0.761386863
0.115911241,1.415268004,-0.769430872,0.058736064
0.521260549,0.300542407,-1.678139501,1.313019717
1.189428449,0.814762864,-1.342012546,-0.494591536
2.565429642,0.415402184,0.694596107,0.42965267
1.855649075,0.965898994,-0.49930886,-0.082426316
0.980206309,1.856192741,-0.346321216,0.659187891
-0.471768501,0.527490187,-0.309985416,-0.462222842
1.602887131,0.463967492,-1.494263307,0.587585839
0.961596007,0.658224017,-1.178689549,0.26963873
0.94992695,0.493545185,-0.637117697,-0.83259001
1.480966277,0.6261785,0.923626517,-0.493735573
1.994846112,0.834252726,-1.101037844,-1.686445211
-0.263654437,0.38871162,1.002124295,0.114418476
1.322751629,0.33874768,-0.453770907,-0.985726295
1.927526205,2.140655884,1.56057947,-0.228275079
-0.021444203,2.433992341,0.148486686,-1.2792929
0.694109791,0.829043711,0.374334737,-0.724541862
1.340133436,0.064786226,2.783169994,1.505915679
0.250161894,0.450663864,0.820999315,0.15098227
2.373130872,0.179603858,-0.228328501,1.663327217
0.460196828,1.437490584,1.667020239,0.309886631
0.959024721,4.848865438,1.471891902,-1.491608715
1.234808783,1.113107007,-0.121953195,1.341004505
1.701843462,1.645346636,-0.760124818,1.291911451
-0.603117959,0.227644434,-2.193199983,-0.837755575
0.206446776,0.73155737,-1.011989239,-1.477708891
2.57811097,0.727352258,-0.18870388,-1.414626203
1.3443822,1.796896186,0.258751534,-0.900305525
0.407743078,0.087441533,-0.182584883,-1.363105728
-0.173720873,2.051522618,-0.889283867,0.43249202
0.551253424,0.206928481,1.24095419,-0.418080092
0.708186834,0.274576325,0.512357626,-1.522939592
1.123099154,1.049302313,0.306417962,1.623873572
1.113950322,0.813437822,-0.208152487,0.018252357
2.165679952,0.589845874,0.508442776,-1.426036207
-0.333432787,0.196310182,0.088435567,-0.007311642
1.602525053,1.017026904,-1.228788968,1.730495898
0.558728355,1.793396754,0.704168579,0.783352588
1.264354751,1.577111138,1.271458803,1.025900183
0.580257479,0.530526969,-0.046195777,-0.766503136
2.177565371,0.791559281,0.489919245,1.590906179
1.794811633,0.115008685,1.674794052,0.216391599
1.792174163,0.23575782,-1.194190406,-0.659157668
1.285389985,1.302970391,1.337413506,-1.257550153
-0.730460892,0.020579639,1.70078729,-1.442433977
0.762889752,1.089458248,0.701771177,0.359983539
1.312617064,0.144909708,0.002833999,-0.827348567
0.117384656,3.179924699,0.431646506,1.13122833
0.602614107,0.205461757,-0.543807967,-0.332077833
0.091472785,0.59526649,-0.069585802,-1.196375676
-0.273810933,2.057168992,0.321343921,1.348872577
2.095117575,0.625883373,-0.414143664,0.513569015
1.395166329,0.021005073,-1.18003626,-1.121938267
1.971972593,0.449781606,2.375909755,-0.29111699
-0.974356173,0.2763857,-1.262160746,1.031326184
1.51809696,1.377932435,1.44963396,0.418444438
1.12347117,0.085482134,-1.467856334,0.252480431
0.276947998,0.439086264,1.52937997,-0.613606426
-0.348107562,1.280739633,2.849573692,-1.193553028
0.348078197,1.220605268,-0.327076168,1.235412787
-0.027382079,0.369261201,-0.527232493,1.12186538
0.853602439,1.88331003,0.404764257,-0.792823077
-0.340207242,1.938977094,-0.11906823,1.631205789
1.216049955,0.514685807,-2.630700752,-0.135981459
0.448109943,0.25599032,-1.429733389,-0.255044373
1.555636155,1.040707535,-0.477427984,0.296324542
0.08061741,1.30028831,-0.049685466,1.384641714
0.229859993,1.273696114,-1.175423007,-0.847452759
-0.070178009,1.331205464,-0.166129208,-1.424021442
-0.273782276,0.055145683,-1.129993883,1.322187545
-0.623960446,1.196381238,-0.16992713,0.387268092
0.810864877,0.181559641,1.414388355,0.683752216
1.503538581,0.132428237,-0.405289639,0.87152527
0.556346118,0.133314184,0.310129625,1.633614153
1.179435124,0.753075185,-0.382675659,-0.779695722
0.213076514,2.624214895,-0.650594534,1.184903491
0.011335396,1.234077675,-0.763619079,-0.735625235
1.260126066,0.777436065,0.843489252,-0.790731253
2.123837244,1.030202975,0.642433466,1.691185739
2.738789951,0.826287518,0.467751722,0.8706781
0.021738294,1.227628817,0.303431247,0.649726334
1.953180381,1.033262081,-1.140896337,-1.455887049
0.079857995,2.6155042,2.370536293,-0.23484949
1.011923905,0.658360541,-0.358049905,1.138917883
0.348448937,0.723268585,0.543489643,-0.057023888
1.62243165,0.661503795,3.004095148,-0.181602724
-0.699898135,0.404502487,0.05719681,-1.57866815
-0.209168449,0.402016698,-0.803120986,0.578780222
0.232728131,0.688671857,0.099272466,-0.166570226
-0.31143847,0.325694693,-0.078151909,1.650593763
1.814811661,0.46055311,-0.032666756,-0.66655928
-0.660260291,0.819447746,-0.500041089,-0.027034172
1.027104667,0.304104598,1.442403035,0.282080017
0.367515744,1.921656162,-0.952108979,0.218499158
0.399150573,1.499894756,0.135220311,0.239502543
0.768257011,1.308614181,0.033524445,-0.172774689
1.556725837,2.890473893,1.828848341,1.424529368
1.471625225,0.557402272,0.524945225,-0.645543657
-0.537345267,0.076841423,0.754570403,0.877680876
-0.054919892,0.67737791,0.472433746,-0.653003382
-1.042894486,0.354030957,0.756790334,0.053329049
1.687400843,3.230922058,0.642299492,0.463615867
1.018921208,0.297059993,0.80224463,-0.894546223
0.129195402,0.157452059,0.127742445,-0.50593901
1.337433481,2.424539106,1.86841071,-0.317271588
1.315388416,0.970134241,-0.693431236,0.635496247
2.119714103,1.458515683,-0.462376061,0.397256728
1.319862257,2.869529384,-0.064386464,1.430499848
3.004465113,0.557033851,-1.180407761,-0.73672425
1.824035702,0.07787841,0.965870677,0.583889138
-0.312849033,0.076920555,0.061895634,-1.07505731
0.854496525,0.389514197,-0.371300535,-1.566359107
2.846584056,0.7878214,0.411939021,-1.292795695
-0.260254322,0.080024105,1.218925496,1.120229167
1.646624305,2.938870184,-0.181875063,-0.980723667
1.718817137,1.524963141,1.105814439,0.443346115
0.83237673,0.698890872,-1.076851535,-0.737971297
2.363728123,0.933742382,-1.805080608,-1.546045233
2.41394102,0.580957223,-0.070585137,1.699268148
2.96110601,0.47379471,-0.336940412,1.375065166
1.76339035,0.094800407,0.571865459,-0.046630783
1.046371358,0.752359823,-0.004333492,0.14909158
1.479255563,0.281776241,-0.472214526,0.612453266
1.957687185,0.254368333,2.517924719,1.48168537
0.935472031,0.18748949,-0.544712108,0.673439544
0.870744095,0.631250509,0.772329424,0.103075597
0.562810033,0.194786142,-1.086081258,0.275905175
0.501103178,0.023210554,0.555816032,0.21850051
2.764507925,1.712594649,0.374846042,-0.351494766
1.636898012,1.488435556,-0.810521871,1.002429885
1.295554791,2.191463819,0.995226417,-1.219515852
0.222096482,1.8899628,-1.313758135,-0.650789333
0.86000358,0.300299382,0.805679534,-0.057569291
0.723795911,2.80892773,-0.101301516,-0.369281569
2.462601575,0.729463806,1.737248335,-1.591851228
0.02192513,3.266803793,0.213450914,0.710933527
1.382255423,1.00840925,1.385428995,0.731515588
0.49989514,0.90147697,1.013693362,0.365558108
2.206230091,0.259947408,0.615134044,-0.70420396
1.451558388,3.259044379,0.137842256,0.182347745
0.511628424,0.383357209,0.155679578,-0.646882116
2.44808286,0.279226893,-1.502931664,1.713002017
2.423102597,1.578088852,0.087981991,0.663558466
-0.827255512,0.290670181,-1.183091854,-1.675212208
0.722105068,0.732929194,-0.469262734,1.401100692
0.78801973,0.223216389,-0.798878028,0.511325351
1.590132372,0.012487407,1.252980385,0.486438777
-0.0461169,0.174837144,1.302919682,-1.479955836
-1.087190054,0.038799135,-0.560422527,1.557413827
1.400176674,0.070684497,1.609498712,1.230284391
1.27095272,0.588657372,-1.81777924,0.846385875
1.405508913,0.241175686,-0.556991379,-0.605360493
1.438077478,0.3874201,0.32201445,-0.355030914
0.764596758,2.470261359,-1.232526625,-0.418771368
2.930356866,0.361557245,0.011588986,1.108738943
1.635651104,1.583520794,0.285819915,1.097611306
0.813956096,0.011403153,-0.27294768,0.473388606
1.036449461,0.513707117,-0.693170301,1.183898258
0.184148167,1.416702336,-0.206038766,-0.382047118
0.916490606,0.672572436,-1.502267241,1.636203245
-0.905920638,1.179651312,0.129874661,-0.717047268
1.959495535,0.333334035,0.309949962,0.920224227
0.764024737,1.09394597,1.098833958,-0.572381619
0.86289402,0.282600339,-0.615316108,-1.387295323
0.075768834,1.315767957,0.05839824,-1.03849599
0.860599399,0.393952602,0.296589045,-0.889276198
1.336788933,0.223409878,1.292695188,0.05870559
1.669977092,0.839473589,-0.874923205,0.991048781
1.232453851,1.229810053,0.025049398,-1.287762236
0.671081144,1.189402135,-0.30131805,1.403403994
2.132442919,2.056190438,-2.585697864,-0.244534631
2.047320067,0.019752377,0.044003908,-0.866016632
1.039203102,1.147057576,0.480083817,0.416454663
2.225326742,2.935907878,0.292336195,-0.280125099
1.350128432,2.308165317,-0.88436816,-0.080904011
0.791840868,1.64893027,2.566728144,1.291361383
1.317614946,3.370334327,0.049889095,1.148594338
-0.346692383,1.384625344,1.879100076,1.342722994
-0.261746538,1.760377185,0.806009629,0.391628663
-1.296347148,0.61414993,1.174091416,1.679867807
0.581456646,0.537406923,0.050872159,-0.541917881
1.466367232,0.807411234,1.185374932,-0.922474201
0.764104795,0.529350987,0.642747162,-1.079315312
0.636341114,0.55693997,0.727653113,-1.599081733
0.425921562,1.087613051,1.055061261,0.686523392
-0.433628245,0.761171738,-0.259749779,-0.018648316
1.995446677,0.709501558,0.296200552,0.740865517
0.49616515,0.132219448,-1.068847687,1.270010859
1.202856792,2.209444257,1.511354911,-0.579781229
1.363332295,1.887924587,-1.265895755,1.686980046
-0.238975883,2.926454368,0.306252128,-0.718050833
0.230261113,0.834145162,0.554114581,-0.122851885
1.420606839,0.096833056,-0.937159416,-1.233401405
1.422325166,0.506930075,-1.120913502,1.149973203
1.649125488,0.741273881,0.160383366,-0.340203205
1.839851668,0.566777374,1.736977971,-1.432067262
-0.546666852,2.192065807,-1.440269286,0.353205414
1.330341777,0.006190509,-0.657130378,0.661948658
-2.12991677,0.414455743,-1.938617379,1.122142148
-0.241724976,0.484121369,0.133664357,1.385165363
1.731929393,1.494156055,0.815937918,-0.764798144
1.238888467,1.547408758,0.538842224,-1.728951312
1.400338277,0.446981907,-0.774479319,1.312428577
-0.161856685,0.174840093,0.505755863,0.037069862
1.380717574,2.237530226,1.278747522,0.957065801
2.284099784,3.084950603,1.246164003,-0.51056138
0.211152377,0.037180662,-1.205998529,-0.309695452
0.153219361,0.007208052,0.345545555,-0.956405619
0.103109551,1.040352,-0.748958832,-0.100738626
1.222410603,0.681881922,-0.810712399,0.807384121
2.791083213,1.039340714,1.072604691,0.502546367
0.08419339,0.111348718,0.838871058,0.054150609
0.245981372,0.072439096,-2.022038359,1.652667532
0.027522634,0.598769151,1.576813816,-1.312495744
0.51760592,0.792658596,0.912366708,-1.061517605
2.346389661,4.520878509,-0.299135807,-1.203737798
1.604032361,0.836831207,0.609332169,1.167899713
0.764544429,2.459159443,-0.340206919,0.433529339
1.344889556,0.601393026,1.516305124,0.803767972
-0.039355716,0.259542447,-0.155248516,1.705746042
0.448280011,2.243162652,0.377883018,1.352535822
-0.488874262,2.206638148,-0.125958965,1.327605509
1.598205878,0.638491826,-1.574771802,-1.386271029
0.613930939,2.490666805,-0.896097106,-1.328034298
1.122513347,0.079617857,-0.091464276,-0.278319357
0.774101601,0.650333148,0.491028541,1.452258483
-0.594431101,1.57109132,0.50617475,1.724793862
0.676901075,2.877992551,0.44228479,0.900344687
1.931748535,1.969586421,0.110868165,1.248548319
1.78907248,0.060418075,0.710719981,-1.376411601
0.691425151,2.437312906,1.830928993,-0.05765664
1.099385214,0.698354171,1.623060545,-1.709782358
1.645641447,2.729613831,-0.765780247,-0.299999744
0.778111665,0.487004048,-0.330891438,0.212108209
0.859673322,1.637937033,0.612848437,-1.014561186
1.720532345,2.987692803,-0.717999905,0.240581218
0.030135094,1.458553689,1.662135673,1.416923139
0.797520804,1.055131282,0.059788572,1.218966453
-0.080692818,0.547674255,1.006406197,1.314813407
0.226836415,0.281868651,-0.026583677,1.543383849
-0.232864481,0.765165573,-1.56267008,-1.223328427
0.557943018,1.264126685,2.582993022,-0.071100518
0.987579742,0.059930415,-0.660697628,1.237280037
1.687662445,1.886416266,-0.144848107,0.986302527
1.747384545,0.921841376,1.795125819,-0.768132191
0.169086867,2.252023106,-0.63282815,-1.166612151
-0.925998151,1.597147269,1.294317542,-0.008513131
0.659530496,0.21774884,1.398687338,1.215941499
0.688400297,0.269882629,1.854125947,1.575512776
-0.820337752,1.100215442,0.61049556,-0.166573207
1.385069528,1.96681292,1.442569489,-0.64460249
0.257026749,0.229235143,-1.488883945,-1.074081529
-0.44136613,0.466716223,-1.401369571,-0.318740096
0.687747758,0.188184836,-1.494711066,0.909321715
2.007846763,1.758798214,-0.878771162,-0.649871766
1.019810864,1.918143677,2.477546484,0.011453733
1.128632127,1.01056376,-0.888419641,0.514105677
-0.923755629,0.21774683,-0.798614853,-0.694854171
1.676086204,2.274476198,0.817098873,0.756276423
0.910985638,0.476902158,-0.749111122,-0.948381625
1.030391421,0.076670845,0.371936525,0.905080421
-0.060787967,0.488111899,-0.45723762,-1.163899802
0.621587132,0.557010952,1.592485687,-0.009083968
1.592428398,0.073253756,1.796830614,0.833381161
-0.219326404,0.527651538,0.649939737,0.921610521
1.944665176,1.053457331,1.151402811,-0.354452894
1.712467139,0.69792861,-1.114536882,1.144273967
1.860320157,1.713238804,0.100914197,-0.229977918
1.091546539,0.296999163,-1.574334131,-1.54144328
1.12492418,0.017413293,-0.096177464,1.210902276
1.363955735,0.103745749,-1.085348789,-1.08848664
0.360030732,0.969467425,-0.670628832,0.094254564
2.11562802,3.00064566,1.400665386,0.962123382
-0.266650702,0.072879027,-0.912333932,1.704305962
0.724736258,1.519216318,0.21028391,1.408786342
0.360164919,0.010139077,0.024767037,0.635076293
1.411877392,0.760884413,-0.471909976,-0.100780468
2.760623369,0.016882139,-1.128510273,-1.069512133
0.892814852,3.213813811,-1.775247403,1.576275437
-1.068708904,0.050065782,0.224926509,-0.265123802
0.616669945,1.992278434,-0.842835458,1.135909141
1.583086419,1.498616254,0.879447698,-0.633938945
1.424166815,0.308280835,-0.479519692,0.428655557
0.806598301,0.099004761,0.109565044,0.472842355
-1.36220475,0.61514658,0.439327146,1.061968406
1.449615648,0.578718234,-0.166764947,1.664532112
-0.094439795,0.296682462,0.778705716,1.273946987
0.173691365,0.624694307,-1.316089779,1.14787302
2.680820705,0.280455271,1.748871001,-0.371219129
-0.208787837,0.762117716,-0.131982099,-0.254922527
1.230350411,0.87067258,0.314590462,-1.19495461
2.386801825,0.095947111,0.561735318,0.645688853
0.647943517,0.127026969,1.516008934,0.294044049
1.119955833,1.463500657,-0.448599427,-1.136029654
1.070366828,0.055221948,-1.337407052,-0.148777257
1.117140594,1.303969453,0.001733301,0.262077648
1.475812023,0.643950686,0.48157557,-0.932157136
2.561971234,0.889712189,-0.159751976,1.331796926
-0.096682545,1.644999053,-0.015757804,1.47266232
0.502172126,0.082962423,-0.736914758,-0.401756995
1.199286175,0.20531222,-0.2529523,0.206998244
1.160166519,3.876630312,-0.287412159,-1.403174242
0.208717137,1.589651329,2.184593519,-0.85439665
2.623406561,0.000900658,-0.749871422,1.106270391
2.00659961,0.727053877,1.09209275,1.436999193
1.479760045,0.96117147,0.777927179,1.492832129
-1.326721001,2.869173205,2.507695697,-0.56109845
-1.383853102,0.659212174,1.23102852,0.235962751
0.40916395,0.383109411,1.659386722,-0.442351422
2.018945504,1.479938438,0.427180289,-0.792672206
-1.239090071,0.913394819,0.359035244,-1.274246975
0.962780123,0.166393971,-0.533558288,0.963286266
1.40037212,0.491802278,-0.946534898,0.219536801
0.402033598,1.076082181,-0.375463143,-0.832528063
-0.024004225,0.000358166,0.691952135,-1.426388228
1.869454755,0.589212087,-0.406680676,-0.194375631
0.444176418,2.143350344,-0.518628702,-1.10979248
1.957099044,0.033331247,0.662916343,0.084585155
1.545309566,0.539470369,-0.609272313,-0.957865138
-0.745431305,0.130894244,0.780944718,-0.724815361
1.135361887,1.274223978,0.948645434,1.296404451
2.023510825,1.046491157,1.505584542,0.957242104
0.54647887,1.814271707,0.891620653,0.396450722
1.476692349,3.313818114,0.430980303,-1.294921393
1.294241382,0.154931105,-1.66460036,-0.370954532
1.750023274,0.052528738,0.669660793,1.222858581
1.969839889,0.184946348,-1.123773234,-1.433498097
0.795220148,0.081253281,0.479176905,-1.714582607
0.411088858,0.398711616,-0.763301065,-1.421587962
0.664991275,2.302336594,1.6295179,0.264545283
1.037714805,1.579262836,0.630776455,-1.067046663
0.803026524,1.99781681,-0.578667148,0.635791018
1.135396472,1.172736931,-1.996360765,-0.042954266
1.151638414,3.462655723,-2.333603599,-1.174059743
1.771533153,0.91091281,0.49427771,1.480863372
-0.011709649,1.411407895,-0.53862973,0.462854552
-0.074809724,3.83118344,0.45395864,-1.480343458
1.934367743,1.257911029,-0.624819724,0.007422871
1.524583514,0.60272073,-0.375961728,-0.296320623
1.085314177,0.289016982,0.127610485,0.91911173
2.127875054,0.191654673,-0.650434167,1.099096302
3.270250487,0.058156708,0.540814087,-0.378729365
1.553868986,0.405681235,0.590543961,-0.822194001
1.376080015,1.14438003,-0.593226679,1.359784401
0.280926442,0.226612046,-0.270400856,0.275231056
1.922268776,2.275815328,-1.932161816,-1.387957891
0.192888402,0.554520545,-0.179165768,1.472893842
0.769516501,0.267604681,-0.167622001,1.00712325
-0.327665191,0.483050684,-0.744049429,-1.042138125
0.101386633,3.018494305,-0.297963067,1.58739624
1.333424939,0.030141968,-1.607480271,-1.242846269
0.011932228,1.013753681,-0.296284586,-1.290939345
1.259530661,1.655106844,1.21710845,-0.443257638
1.144095054,0.668538046,1.480585986,-1.143377755
0.448291079,0.719680395,1.981790585,0.941652408
-0.005281806,0.077402146,2.279143719,0.978691124
1.441826712,0.655896064,1.72563998,0.216919333
0.291122771,0.041585272,2.145374271,1.282047992
2.561477369,0.284559875,0.513299442,0.221555988
0.705021194,1.698524078,-0.370626855,0.054320443
1.862467663,0.532282962,0.576099473,1.538692683
0.179115699,1.797228405,0.505108141,-1.706956415
0.534051843,1.104830291,-0.474237316,-1.499511013
1.298925763,0.14510985,1.282796996,0.794199638
-0.804605207,0.773565677,1.099801816,-0.391725117
1.589536874,0.30540786,-0.218318672,-0.822350251
0.552887476,0.603982562,1.722756889,0.790637775
0.256414529,0.151225467,-0.735175051,-1.423575736
1.909679668,1.620974286,0.868345085,-0.54389876
0.860578465,0.286501258,-0.395613651,-0.219905281
1.787527131,1.133375585,0.521185022,-0.509720808
1.118632634,1.554752059,0.558010846,1.093070462
0.308793231,1.562536655,-1.184895586,0.85739679
2.206346698,0.642086402,0.067665374,0.95901502
1.961915374,1.778869312,-2.8511399,1.111222811
1.290782853,0.249960307,-1.623976925,1.6822308
-0.676658881,1.139661518,3.544974724,-1.41163873
-0.490891649,0.159285047,0.120979267,-0.148451126
0.456556602,1.20246095,-1.079846106,1.547902114
0.20376119,0.031331005,-0.147452,0.665004566
2.422371457,1.257336373,-0.376396479,0.876082279
0.417424075,1.456021979,0.945383431,0.96120702
1.202023954,0.598977278,0.416257412,-1.309437195
1.698256705,2.398787139,0.032770585,1.496856179
0.440919408,0.001571402,-0.443561662,1.454208787
2.307893796,1.501714988,0.762717135,0.106418485
1.368593144,0.026262116,-0.515069307,-1.349311887
0.477783733,0.667892734,0.202862053,1.0104106
1.300915121,0.141085788,-0.704002378,-0.892369966
2.083433534,0.071233909,-1.806948555,-0.840957616
1.122764259,0.121875959,-2.383297184,-0.159914142
1.966818994,1.071588151,0.798547896,1.212370082
-0.545060719,0.098666805,-1.2602293,-1.006338272
1.114701404,0.258965149,-1.518490638,-0.960338846
-0.217377454,1.024111493,1.055355185,1.175580167
-0.336984856,0.021856454,0.16068429,-0.654549726
0.96471578,0.495230888,-2.153396461,1.387806369
0.081626586,1.454432432,1.095743388,0.916589759
2.828537713,2.059968887,1.309610333,0.297854556
0.441689012,0.368907876,0.452857015,-0.945241478
1.260294171,0.309585073,0.881915213,-0.516769805
0.401740966,1.276613997,-0.085179615,-0.506751793
1.977565372,0.300101087,0.678815217,-0.148280999
0.915813444,0.64128157,0.146791769,-1.356160334
0.0826391,1.07656093,0.994042051,-1.608641489
0.466933893,2.387680737,1.241582422,-0.293059648
1.857781599,0.394719058,-1.434757435,-1.074474772
0.766997613,0.000975207,-0.138567414,-1.451650806
1.05702311,0.496363832,-0.676469337,0.895958715
1.665943454,0.747629083,0.253896053,-1.362728925
0.09113341,4.346946586,0.269064081,-0.182885167
2.73444143,1.790479717,0.580105819,1.546585558
1.762639205,0.181932179,1.335802689,1.526380444
0.516154093,1.416817617,2.195314039,-0.628641133
0.839412817,2.864789083,-0.547802555,0.855998033
0.48974294,0.968104157,-0.830952822,1.153583531
0.802141712,0.459954656,-0.821022731,1.532579015
0.252070046,4.799677808,0.39323243,-1.108133452
1.497511278,0.764955252,0.057912441,0.050455269
0.172129132,0.943374263,-0.674425891,0.472594693
2.138261603,0.675434742,0.60909437,-1.650013619
1.340370732,0.734688075,0.450674066,1.225686567
1.761518964,0.641956523,1.062965975,-1.220224451
0.884646581,2.142644865,-0.933999029,-1.480204053
1.51922021,0.416677999,0.296118364,-0.297839902
0.823598195,0.759631115,-0.458923961,0.928589366
3.366691872,0.396814466,-0.741162689,0.727131867
2.032184916,0.553721807,1.736764131,-1.136196554
0.443480844,0.170781553,-0.33902851,-0.937550177
1.03024587,0.698225486,-0.604932867,0.519851101
0.494175846,3.668383365,-0.656057131,-1.360582692
1.440235957,0.838474877,1.048366956,1.490905683
-0.484650702,0.612001872,-0.303486132,-1.676456436
1.806531433,1.250776817,-0.365931514,1.642067908
0.01858559,0.146464105,0.135231054,-0.998111936
2.230055765,0.414429898,-1.017536062,-0.665333192
2.088977678,2.095673839,1.259553559,0.868293408
2.359620102,0.49327768,-0.817339407,-1.46322665
0.889940615,1.00738072,0.136155544,0.660183545
2.026269205,0.346950919,1.530246273,1.638792887
-0.36270808,0.571417558,-0.725130768,-1.069036091
2.789649369,2.179141816,-0.447277829,-1.584928704
0.776327658,0.431264661,-0.396186972,1.179071977
-0.270751641,1.644101273,1.138081823,-1.298861079
0.621781502,0.236210882,-0.075390115,0.757929724
2.1075958,0.113071276,0.910373707,-1.696201968
3.18374097,1.563904684,1.412783082,1.066240155
1.643215615,0.476768209,0.68559168,-1.093843043
0.271149986,2.097130096,0.384503469,1.031668912
1.905509469,0.496541057,1.407460852,-1.24013967
0.61347748,2.52052466,-1.078749489,0.686833584
1.448045724,2.498473394,-0.629191157,-0.661326444
2.637605978,1.577394113,0.276824682,1.042055376
-0.463048522,1.543215575,-0.681936244,0.12047387
0.182201091,0.535922338,-1.214880169,-0.966072837
0.614244112,2.438644398,0.654249123,-1.001242387
0.070289165,1.684121022,-0.597984576,0.032156167
-0.397104288,1.741656536,-1.774491049,-1.508642804
2.241500258,0.563102412,-0.191330417,-0.125914554
0.44806154,1.001283776,0.660322015,-1.057216249
1.13382731,2.571285361,0.75600086,-1.228051007
3.366104937,0.266925094,-0.63508884,1.515226138
1.737582559,0.142228883,-0.467590138,-0.655034931
1.12130555,0.426767147,-0.504409429,-1.435200258
-0.29495795,0.038146939,0.393728548,1.130181768
1.000485633,1.550536517,0.438991611,0.221775928
0.691490401,3.261915453,-1.253259009,-0.644202637
0.86678376,0.698832327,0.374048217,-0.115319143
1.475184117,1.334323686,-0.177866517,0.967460113
1.813428202,1.117683791,1.146713905,1.705785066
1.105838654,2.626745822,0.177250048,-0.038762499
2.785467349,1.401297017,0.312598436,0.947289266
1.965248528,0.789189583,0.53421817,1.304118925
0.289107694,0.432756038,-0.844472679,-0.444209986
2.114725152,2.304903121,-1.605252302,-0.724184548
0.105941566,0.467677372,-0.503710799,1.56532465
2.753991538,3.659591308,-0.683989246,-0.638163554
0.672642814,3.844740798,-0.511709459,1.326194383
3.179346903,0.490822525,0.060990786,-0.856253661
0.211697447,0.685020832,-0.09271045,-1.554603347
-0.496977171,0.553220575,1.106932169,-1.611389077
2.441215464,1.143546335,0.511049319,-0.727971648
-0.006965059,0.282493538,-0.534377129,-1.335394512
-0.932649842,3.520687436,0.642172528,0.817261387
0.486069466,0.089048704,-0.186709335,-0.29153706
0.751490909,0.802915527,-0.675978872,-0.482281027
0.140071559,3.918952913,1.543394394,-0.677775163
0.373828335,2.135579624,0.862302037,0.338080541
0.621412593,1.146887223,0.228993411,-0.746655003
1.680272239,0.782018238,0.505490917,-1.2111498
2.818448156,0.035934739,-0.269052808,1.459648075
1.131545273,0.353173323,-1.246212338,0.969801644
0.458334643,0.55853867,-0.739961662,-0.303415791
3.08394286,1.024497597,0.814545508,-0.200728
-2.225471905,0.717281674,-0.421649928,-0.643109403
0.840044739,1.131483556,-0.385638143,-1.36384134
2.187814354,1.016619709,-0.142377279,0.713635677
0.76436263,0.441868884,0.254346264,-1.459364336
2.694072528,1.56770731,-1.353445087,1.216461902
-0.585969802,0.053060598,-2.04454772,-0.894381044
-0.209852169,1.108994196,-2.16821601,1.618971827
0.467129471,1.500658572,1.115389846,0.915576743
-1.447084347,0.074069952,0.529033409,1.173103839
1.072348084,0.365651735,1.485407473,1.730373167
0.386391497,0.815411324,1.318605689,0.866232063
-0.303678889,2.791096985,1.404761854,1.550286575
0.679504962,1.16688326,-0.874752413,0.887640179
1.730078943,4.769682247,-1.62347853,-1.028753114
-0.782140675,0.908462294,-1.35224043,1.439014413
-0.664741649,0.574410007,0.421533138,-0.294246789
1.736268091,0.173289543,0.546393647,1.573330206
1.539567614,0.149465824,-0.735227521,-0.719312259
2.591260983,2.078351116,-0.249569554,-0.434677539
0.105989456,0.16385467,-0.362805687,1.093081308
0.043593302,0.040507757,-0.201068734,-0.890305441
1.722019428,2.156668344,0.703428949,-0.637475663
1.166636269,1.30040254,-0.368350659,0.355145346
0.256757459,2.429571605,-0.512301553,-1.603032832
2.323148139,3.754897943,0.05019159,-0.779979085
-0.032620835,0.031968744,0.778540436,-0.688126135
0.853572922,0.341135411,0.278761725,0.284240503
0.884787646,1.689385118,0.123023122,-1.364394438
2.877959057,0.762875839,0.867009984,1.235314425
1.707554612,0.934591652,-0.618375497,-0.504348789
0.783333495,0.424274816,0.012040195,0.946386821
-0.427149503,1.964881921,-0.267785518,-0.080274724
3.354314039,0.256810818,1.174080056,-1.288032255
0.11516853,0.776908689,-0.428450321,-0.999701839
0.706130785,4.208786547,-0.073033186,-1.253336073
2.918679223,1.086619545,-1.603157863,-0.261782117
-0.112707758,0.108110331,-0.074503072,-1.636278633
-0.380129433,0.085371548,-0.869393843,1.360808458
1.868239024,0.996811296,0.575985958,0.669721593
1.430868547,0.455363018,-2.155367311,-1.278639701
1.760113792,0.59714701,0.270743042,0.691057095
1.640208532,0.152904215,0.054487425,0.299609043
-0.043766177,0.699968297,-1.204685493,-0.595780829
0.783604752,0.660606415,-1.504205242,-0.949356864
2.758041478,0.569913099,0.988916423,-0.317099029
1.692063464,0.45200981,-0.391632091,0.82722058
-0.584332345,0.077569186,0.807072882,0.630605598
2.05086892,0.076312354,0.67732261,-0.750448901
1.356549986,1.556124381,-1.061746179,1.54696161
1.392639737,0.818612439,-1.769181383,1.718611747
0.090538961,0.515314244,0.842186411,1.638642601
1.067826649,1.085610819,-0.922318682,-0.292155884
0.378294575,2.273592403,1.382004035,-1.081850729
1.403069888,0.35092546,-0.653034902,1.688632144
0.598295395,0.288448506,1.669944543,-1.276107128
1.427458273,0.615292114,-0.750109973,-1.009225369
-0.198783343,0.139678131,-1.194934882,-1.584688029
3.501897684,1.425125363,-1.785074352,-1.333998526
0.706609066,0.518372094,-1.836868788,0.282132494
2.186652268,2.103137022,0.29005979,0.982264659
0.917180584,0.022424554,0.283475411,0.051883603
1.640862284,1.043194566,-1.655068339,0.615521327
2.656859577,1.693477886,0.050042127,-0.255272651
0.69984678,0.701399106,0.611293323,-1.610790008
-0.480987146,0.871707962,1.444196525,-0.511275599
0.40056855,0.221767931,-0.785345827,0.876734491
0.781471613,1.43836087,0.339175756,0.275300518
0.574463518,0.815579527,0.283513826,-0.129329666
0.581684379,0.74759641,0.889335926,0.859147573
1.186885625,1.649335313,0.606814573,-0.215100064
0.724088746,0.158999797,1.538084245,0.122593807
1.429824564,0.457248917,-2.673695796,-0.159105932
1.762382955,0.755573548,0.247374391,-0.395356464
1.758376699,0.686786951,2.170972431,1.166238859
1.564798922,1.340086257,-1.283818857,-1.406332463
0.9855145,0.089170058,0.273928311,-1.359614983
2.631985148,0.371862821,-0.037086731,-0.995423389
1.218045157,0.619068576,0.879352329,0.650361748
0.088486607,0.491933368,0.675970195,-1.572210986
0.857358995,0.474304532,-0.85345223,0.602820083
0.742722328,0.196813511,0.207021417,1.46308125
1.053308395,0.073504106,0.682617183,1.57720272
0.341429619,3.997619575,-0.830748281,-0.474151846
1.93916118,1.609820103,1.951604598,-1.198632478
1.345661117,2.212487331,-0.47918528,-0.532520724
0.608422727,0.360910912,0.10850084,-0.650592127
1.447325786,0.966023517,1.631125675,1.473066847
1.1649293,0.310349056,-0.07362801,0.304061508
1.774608779,1.252837695,1.202374671,0.849760757
1.194516227,0.258220139,0.711217862,1.252830373
-1.075716387,3.965620727,-0.153429093,1.600723866
1.626984447,0.831773149,-1.147356214,0.034783925
1.24235827,0.854869672,0.906058545,-1.663824577
-0.197101065,0.071591251,-0.515981971,-1.157446688
2.20431693,0.705663254,-1.280328856,-0.141437
0.36753414,0.211797808,0.183614249,0.119567824
2.648901213,0.707865391,-0.394181705,1.028389679
2.648409538,0.612459235,0.377013263,1.163279186
1.089403269,0.930367334,0.389436052,-0.638571671
0.756462469,0.68509981,1.259123776,-0.107447719
0.376137792,0.329698575,0.647981603,1.087577267
2.494455693,0.308806522,0.401567812,0.938958982
2.60609461,0.422633243,0.777917225,-1.286461677
0.113995419,0.305313419,2.294059282,-0.161672964
2.952711108,2.161310451,-0.635552802,0.987678522
2.195603727,0.224526092,1.131450524,-0.790928584
1.099410684,2.04459203,-0.15970915,0.75766094
1.496762117,3.679413652,0.014219544,-1.702213678
-0.276991183,0.493917548,0.019337648,0.30753804
1.498377773,0.871509055,-2.457412538,-0.175352864
0.866673849,0.139104992,0.195908011,-1.352311069
2.684693567,0.924859907,-1.455756225,1.137639709
0.746424419,0.024381312,0.428058359,0.502182257
-0.02212909,1.31604439,0.415439914,-1.344499604
1.103986561,0.023408396,-0.367306832,1.159437992
2.337248854,0.576973646,-2.05411711,-0.720198646
1.923516235,1.151012863,1.245807583,1.723346497
0.986712222,0.688981747,0.97495839,-1.182530971
3.531667911,1.036514125,0.302987782,-1.167121501
2.371071964,0.820148212,1.488667816,-0.274940211
-0.335683605,0.129918875,0.283884548,-0.398835593
-1.693239903,1.406609581,-0.912603459,1.658483309
2.36899467,2.059746915,1.778316763,0.823612913
1.822487372,1.326774129,1.849193199,0.724694519
0.755007972,2.744322603,-0.364342131,1.250826672
2.824306479,4.256354589,-0.510173098,1.695159576
1.51008032,1.024509439,-0.148961767,-0.820615255
0.335595647,0.646794439,0.037094902,0.02028003
0.998199151,0.951340201,0.305116387,0.532078291
-0.267262321,0.609382317,-0.975737001,0.395626257
1.661032745,1.028021331,-0.01322156,0.355347939
0.19944199,1.299464859,-0.506817906,0.100114279
0.881203679,1.23480245,-0.606378982,0.254937797
2.463063874,2.471164202,0.644401212,-0.660812316
1.805942112,2.216448603,1.49097741,1.478696272
-0.425496053,2.176259092,-0.594803779,0.668564549
1.191888897,0.868124695,0.6287502,-0.932358504
1.252949975,0.381245242,-1.82331897,-0.555431406
-0.301391574,0.127734492,-0.219733591,-0.623549306
1.238574242,2.109545253,0.213194407,-0.562234551
0.249814601,0.692227527,-2.267629038,0.37921519
-0.562286363,1.236572312,0.525466207,-1.270847819
0.623974499,1.70080791,0.308629974,-0.02638202
-1.123278622,0.165322472,0.184668031,0.235015032
2.665455127,0.1158364,-1.506572825,1.10308992
1.144641501,0.003174144,1.618991738,0.361616721
-0.610789829,0.976795301,-1.129018926,-1.180913747
0.803971578,1.00063164,0.679817177,0.661754028
0.790579405,0.51405986,1.454100733,0.794186223
0.314768843,0.252408441,-0.909320537,0.400899356
0.768587258,1.105628134,0.531657679,1.633142461
-1.69368802,0.248350281,-1.74989943,-1.627258334
2.229725678,1.396425701,1.720530203,-1.129987471
-1.431451636,0.15183,0.521424213,-0.213027015
0.322224216,0.206833955,1.320777053,1.705777371
2.028274084,0.525184027,-1.70909694,1.612308807
1.600969041,0.865129823,-0.054240925,-1.254066967
0.186415253,0.139565989,0.501375116,0.982939115
2.04856873,0.293159338,-0.583247971,1.15515931
1.278846823,0.249989612,-0.810417727,-0.577967504
-0.449908029,0.318101009,1.479877739,0.87431546
1.416249432,0.3690287,1.573335026,0.260589692
0.884452936,0.36890714,-0.775823096,-0.854605054
-0.536421555,1.100436165,-0.483730467,-0.553835706
0.388681071,0.419442367,-1.636465079,-1.361319189
2.219985729,0.303868379,-0.7143088,-1.009768192
-0.340840881,0.719628923,0.29011028,-0.234167828
1.667367018,1.059589887,0.307836735,0.273689531
2.843172429,1.035757291,0.036723944,1.560899534
1.002511417,0.498837239,1.183439019,0.081864906
1.394922878,0.325412163,-0.12825375,-0.359681929
0.765147323,3.037869972,-1.59737145,-1.39953672
0.52831787,1.238353856,1.506800158,0.745895921
1.108966532,0.891350544,0.210246883,0.664445792
1.476078968,0.231795001,-0.198427354,-1.54547315
-0.661866799,1.139578179,-0.139602563,-1.003257977
1.443852627,0.115293424,-2.199537014,-0.86516225
1.653479802,1.253750142,0.545599598,-0.485050529
2.872390205,0.967586499,-1.610509992,0.104873721
0.732310215,0.652307446,0.355525079,0.232538393
0.264690679,0.740711734,2.752422428,-0.098204007
1.439284006,0.102938755,-1.478071544,-0.222830678
0.163155935,0.17993554,0.571802794,-0.91276756
0.330638651,0.377047468,-0.994178167,0.750112102
0.335033523,0.073998289,0.857964648,-1.218673714
2.393605418,1.252694103,1.066971757,0.630152271
0.896362102,0.288742682,0.278706244,-1.011564358
1.683933645,1.3605768,0.373949079,-0.864434858
0.790733471,4.083652546,0.157735284,-1.571533876
1.096960816,3.278272584,3.262689637,1.541489893
-0.071116042,2.241021683,-0.480829177,1.048687552
0.387967622,0.178887149,-0.110915858,0.318673152
0.86274248,0.542667856,-0.88682143,0.915408374
0.514757066,0.893975656,2.418141985,0.527700238
2.737016829,2.433866156,-1.436071955,-0.958924312
0.675149294,0.378994825,0.638442453,-0.369220574
1.417138461,0.144637027,0.567946918,1.620445006
0.639250065,0.835383838,1.80042797,-0.871892126